AIPCitizen5ZIcZhGDvlF@mailinator.com,Pa55word11
AIPCitizen1SbeFJQlEYf@mailinator.com,Pa55word11
AIPCitizen20smhXClpNLI@mailinator.com,Pa55word11
AIPCitizen5SwoSbAmLiL@mailinator.com,Pa55word11
AIPCitizen23TUzRkvLMfM@mailinator.com,Pa55word11
AIPCitizen12psJUDojmpB@mailinator.com,Pa55word11
AIPCitizen11ckKdTbIpEE@mailinator.com,Pa55word11
AIPCitizen15ruTGTNSwVs@mailinator.com,Pa55word11
AIPCitizen9lERVHKfTIr@mailinator.com,Pa55word11
AIPCitizen26PlInoEqUih@mailinator.com,Pa55word11
AIPCitizen5HcIkUAgQme@mailinator.com,Pa55word11
AIPCitizen7zWaYeXUDdE@mailinator.com,Pa55word11
AIPCitizen1dBTJoTDyke@mailinator.com,Pa55word11
AIPCitizen24dHfSYbhTke@mailinator.com,Pa55word11
AIPCitizen7fApuNrcniX@mailinator.com,Pa55word11
AIPCitizen10YZMVUDBmiy@mailinator.com,Pa55word11
AIPCitizen16lHtRhTVsCg@mailinator.com,Pa55word11
AIPCitizen17QoCFVDqmIB@mailinator.com,Pa55word11
AIPCitizen5wZBWVSCHRu@mailinator.com,Pa55word11
AIPCitizen15SRcSDjvoxL@mailinator.com,Pa55word11
AIPCitizen2lOkZrlrLbS@mailinator.com,Pa55word11
AIPCitizen1xLOhOZmWoi@mailinator.com,Pa55word11
AIPCitizen13EitPNUmuIB@mailinator.com,Pa55word11
AIPCitizen12RngWmxPgQZ@mailinator.com,Pa55word11
AIPCitizen4gyZRIaRpgJ@mailinator.com,Pa55word11
AIPCitizen15KFSOLKTHbv@mailinator.com,Pa55word11
AIPCitizen1oouWcpFcWB@mailinator.com,Pa55word11
AIPCitizen5PfyrZjzEOH@mailinator.com,Pa55word11
AIPCitizen5bRNaKgRCpE@mailinator.com,Pa55word11
AIPCitizen19rjMiFusRzI@mailinator.com,Pa55word11
AIPCitizen6nETAAwtooi@mailinator.com,Pa55word11
AIPCitizen9zrZaAEYpTM@mailinator.com,Pa55word11
AIPCitizen15WmVvNgFCfJ@mailinator.com,Pa55word11
AIPCitizen24CSVwgAcBmU@mailinator.com,Pa55word11
AIPCitizen6mRKodkkVPO@mailinator.com,Pa55word11
AIPCitizen22CEsnHNCZlS@mailinator.com,Pa55word11
AIPCitizen16PvYeHVlDDF@mailinator.com,Pa55word11
AIPCitizen24hzIOlxMEub@mailinator.com,Pa55word11
AIPCitizen23yQManmFgyc@mailinator.com,Pa55word11
AIPCitizen5cdcajTAIGc@mailinator.com,Pa55word11
AIPCitizen27oShToSjXhp@mailinator.com,Pa55word11
AIPCitizen28BqfszOAmXa@mailinator.com,Pa55word11
AIPCitizen28NYDQdgtwdS@mailinator.com,Pa55word11
AIPCitizen12SrBVwRDhgZ@mailinator.com,Pa55word11
AIPCitizen23oPYPsATwNG@mailinator.com,Pa55word11
AIPCitizen21jHsVtZvFCg@mailinator.com,Pa55word11
AIPCitizen16QtrjSuDykB@mailinator.com,Pa55word11
AIPCitizen26YALWHKjZUs@mailinator.com,Pa55word11
AIPCitizen11xwCOHhszYx@mailinator.com,Pa55word11
AIPCitizen24KxtnpvmyOe@mailinator.com,Pa55word11
AIPCitizen2XcUcJfEQUB@mailinator.com,Pa55word11
AIPCitizen4VlzfmSYIUs@mailinator.com,Pa55word11
AIPCitizen26owAEwGCmkd@mailinator.com,Pa55word11
AIPCitizen5jyIidsPcIq@mailinator.com,Pa55word11
AIPCitizen10TubprIhOMY@mailinator.com,Pa55word11
AIPCitizen19zOoAnbzAuL@mailinator.com,Pa55word11
AIPCitizen7LMntDEUNZa@mailinator.com,Pa55word11
AIPCitizen13WoRijFeXlH@mailinator.com,Pa55word11
AIPCitizen22gwmVevzvQX@mailinator.com,Pa55word11
AIPCitizen17bmGhjUKVbd@mailinator.com,Pa55word11
AIPCitizen1zsNLsjGghj@mailinator.com,Pa55word11
AIPCitizen24YUQLCuresU@mailinator.com,Pa55word11
AIPCitizen7CRMjhoFJyo@mailinator.com,Pa55word11
AIPCitizen9UGQEMOflVq@mailinator.com,Pa55word11
AIPCitizen2ImXHgkQcCG@mailinator.com,Pa55word11
AIPCitizen18OMBgkaHUCc@mailinator.com,Pa55word11
AIPCitizen16SRXhSroLQa@mailinator.com,Pa55word11
AIPCitizen2AWoFlmOXeb@mailinator.com,Pa55word11
AIPCitizen19rwXdqzncMB@mailinator.com,Pa55word11
AIPCitizen11yJnPQPxQUB@mailinator.com,Pa55word11
AIPCitizen21xoazUjkxRn@mailinator.com,Pa55word11
AIPCitizen13uaJrExOGnk@mailinator.com,Pa55word11
AIPCitizen14xcHaPOFZny@mailinator.com,Pa55word11
AIPCitizen4ByAHUTIwcK@mailinator.com,Pa55word11
AIPCitizen5aaVmeUbxOz@mailinator.com,Pa55word11
AIPCitizen1cyebSQuXpQ@mailinator.com,Pa55word11
AIPCitizen22VxPtFJkoUV@mailinator.com,Pa55word11
AIPCitizen8gDFDdVDLjh@mailinator.com,Pa55word11
AIPCitizen4OQtfORYRxE@mailinator.com,Pa55word11
AIPCitizen13jfiMarLuiC@mailinator.com,Pa55word11
AIPCitizen27wsxVKqzmRJ@mailinator.com,Pa55word11
AIPCitizen5NuYubiMHAH@mailinator.com,Pa55word11
AIPCitizen15GRsEodwSBv@mailinator.com,Pa55word11
AIPCitizen24BHLinIkcQZ@mailinator.com,Pa55word11
AIPCitizen1zaCxSmaxPm@mailinator.com,Pa55word11
AIPCitizen14LsrEMGqwso@mailinator.com,Pa55word11
AIPCitizen5bNTjpxkvLd@mailinator.com,Pa55word11
AIPCitizen28UVscnyxesD@mailinator.com,Pa55word11
AIPCitizen16jAHIoCUjOB@mailinator.com,Pa55word11
AIPCitizen8DiIQiHSybE@mailinator.com,Pa55word11
AIPCitizen25fBxGzusCeN@mailinator.com,Pa55word11
AIPCitizen6TQxXQmquAq@mailinator.com,Pa55word11
AIPCitizen17qenchSmSBG@mailinator.com,Pa55word11
AIPCitizen16QpHtMgXYhC@mailinator.com,Pa55word11
AIPCitizen20yRnluoZxAQ@mailinator.com,Pa55word11
AIPCitizen5LOWqSLpjXV@mailinator.com,Pa55word11
AIPCitizen25BZzrlytVoY@mailinator.com,Pa55word11
AIPCitizen12CZVTXjIOdc@mailinator.com,Pa55word11
AIPCitizen14ktfVzBfWnf@mailinator.com,Pa55word11
AIPCitizen18HZLZVxiSuI@mailinator.com,Pa55word11
