aipuser,password
AIPCitizen2tTNcwFFCNY@mailinator.com,Pa55word11
AIPCitizen6nJhIIXmPcW@mailinator.com,Pa55word11
AIPCitizen5AivprGbisk@mailinator.com,Pa55word11
AIPCitizen14MqCZefpNOb@mailinator.com,Pa55word11
AIPCitizen7NvhbYbszxy@mailinator.com,Pa55word11
AIPCitizen7loIUolnyMU@mailinator.com,Pa55word11
AIPCitizen21cEDJZHwyxp@mailinator.com,Pa55word11
AIPCitizen4deQIHDHEoU@mailinator.com,Pa55word11
AIPCitizen14nwgSlYUaAn@mailinator.com,Pa55word11
AIPCitizen5uNQvYHuVLy@mailinator.com,Pa55word11
AIPCitizen28UATbrreSet@mailinator.com,Pa55word11
AIPCitizen28vHrDfsXPbw@mailinator.com,Pa55word11
AIPCitizen17XAIAxeygqC@mailinator.com,Pa55word11
AIPCitizen5MbwIEKgehK@mailinator.com,Pa55word11
AIPCitizen22QcOOYWPtDT@mailinator.com,Pa55word11
AIPCitizen25IQybKnWAFN@mailinator.com,Pa55word11
AIPCitizen10FiNceazRLT@mailinator.com,Pa55word11
AIPCitizen27QdvCAujYoa@mailinator.com,Pa55word11
AIPCitizen24XurxiNGYkQ@mailinator.com,Pa55word11
AIPCitizen7luWNzQXeUX@mailinator.com,Pa55word11
AIPCitizen25biezUyktDN@mailinator.com,Pa55word11
AIPCitizen20LZznDumakd@mailinator.com,Pa55word11
AIPCitizen20SUKPxBEFTo@mailinator.com,Pa55word11
AIPCitizen10CIIIIgTRVv@mailinator.com,Pa55word11
